{
    "Calories (kcal)": {
        "0": 329.0004703668862,
        "1": 479.8657035848047,
        "2": 178.2577687213449,
        "3": 363.7156188605108,
        "4": 294.2023928215354
    },
    "Protein (g)": {
        "0": 38.38250235183443,
        "1": 23.77565543071161,
        "2": 17.023382577687215,
        "3": 13.03212180746562,
        "4": 34.51759720837488
    },
    "Carbohydrates (g)": {
        "0": 25.67596425211665,
        "1": 68.68501872659176,
        "2": 58.477228731533366,
        "3": 38.018467583497056,
        "4": 75.03973080757727
    },
    "Fat (g)": {
        "0": 22.49054562558796,
        "1": 13.875334403424292,
        "2": 14.967244014263882,
        "3": 37.41016699410609,
        "4": 37.42662013958126
    }
}