{
    "Calories (kcal)": {
        "0": 189.5,
        "1": 419.8550724637681,
        "2": 412.6865671641791,
        "3": 262.85714285714283,
        "4": 328.1666666666667
    },
    "Protein (g)": {
        "0": 9.85,
        "1": 35.14492753623188,
        "2": 30.895522388059703,
        "3": 16.285714285714285,
        "4": 15.416666666666666
    },
    "Carbohydrates (g)": {
        "0": 22.8,
        "1": 12.173913043478262,
        "2": 35.82089552238806,
        "3": 10.2,
        "4": 41.666666666666664
    },
    "Fat (g)": {
        "0": 7.8,
        "1": 28.47826086956522,
        "2": 19.850746268656717,
        "3": 18.8,
        "4": 12.033333333333333
    }
}